<?xml version="1.0" encoding="UTF-8"?>
<project version="4">
  <component name="ChangeListManager">
    <list default="true" id="265f18be-ba2b-4fde-9335-e6f005ec1e53" name="Default" comment="" />
    <option name="EXCLUDED_CONVERTED_TO_IGNORED" value="true" />
    <option name="TRACKING_ENABLED" value="true" />
    <option name="SHOW_DIALOG" value="false" />
    <option name="HIGHLIGHT_CONFLICTS" value="true" />
    <option name="HIGHLIGHT_NON_ACTIVE_CHANGELIST" value="false" />
    <option name="LAST_RESOLUTION" value="IGNORE" />
  </component>
  <component name="FileEditorManager">
    <leaf SIDE_TABS_SIZE_LIMIT_KEY="300">
      <file leaf-file-name="test_Login_datadriven.py" pinned="false" current-in-tab="false">
        <entry file="file://$PROJECT_DIR$/tests/test_Login_datadriven.py">
          <provider selected="true" editor-type-id="text-editor">
            <state relative-caret-position="351">
              <caret line="19" column="23" lean-forward="false" selection-start-line="19" selection-start-column="8" selection-end-line="19" selection-end-column="23" />
              <folding />
            </state>
          </provider>
        </entry>
      </file>
      <file leaf-file-name="test_users.py" pinned="false" current-in-tab="false">
        <entry file="file://$PROJECT_DIR$/tests/test_users.py">
          <provider selected="true" editor-type-id="text-editor">
            <state relative-caret-position="131">
              <caret line="10" column="0" lean-forward="true" selection-start-line="10" selection-start-column="0" selection-end-line="10" selection-end-column="0" />
              <folding>
                <element signature="e#0#13#0" expanded="true" />
              </folding>
            </state>
          </provider>
        </entry>
      </file>
      <file leaf-file-name="login_page.py" pinned="false" current-in-tab="false">
        <entry file="file://$PROJECT_DIR$/pages/login_page.py">
          <provider selected="true" editor-type-id="text-editor">
            <state relative-caret-position="81">
              <caret line="26" column="18" lean-forward="false" selection-start-line="26" selection-start-column="8" selection-end-line="26" selection-end-column="18" />
              <folding>
                <element signature="e#0#43#0" expanded="true" />
              </folding>
            </state>
          </provider>
        </entry>
      </file>
      <file leaf-file-name="users_page.py" pinned="false" current-in-tab="false">
        <entry file="file://$PROJECT_DIR$/pages/users_page.py">
          <provider selected="true" editor-type-id="text-editor">
            <state relative-caret-position="376">
              <caret line="35" column="24" lean-forward="true" selection-start-line="35" selection-start-column="24" selection-end-line="35" selection-end-column="24" />
              <folding />
            </state>
          </provider>
        </entry>
      </file>
      <file leaf-file-name="conftest.py" pinned="false" current-in-tab="false">
        <entry file="file://$PROJECT_DIR$/tests/conftest.py">
          <provider selected="true" editor-type-id="text-editor">
            <state relative-caret-position="216">
              <caret line="8" column="33" lean-forward="true" selection-start-line="8" selection-start-column="33" selection-end-line="8" selection-end-column="33" />
              <folding>
                <element signature="e#0#13#0" expanded="true" />
              </folding>
            </state>
          </provider>
        </entry>
      </file>
      <file leaf-file-name="webdriverfactory.py" pinned="false" current-in-tab="false">
        <entry file="file://$PROJECT_DIR$/base/webdriverfactory.py">
          <provider selected="true" editor-type-id="text-editor">
            <state relative-caret-position="484">
              <caret line="20" column="21" lean-forward="true" selection-start-line="20" selection-start-column="21" selection-end-line="20" selection-end-column="21" />
              <folding />
            </state>
          </provider>
        </entry>
      </file>
      <file leaf-file-name="test_Login_datadriven_csv.py" pinned="false" current-in-tab="false">
        <entry file="file://$PROJECT_DIR$/tests/test_Login_datadriven_csv.py">
          <provider selected="true" editor-type-id="text-editor">
            <state relative-caret-position="188">
              <caret line="13" column="24" lean-forward="true" selection-start-line="13" selection-start-column="24" selection-end-line="13" selection-end-column="24" />
              <folding>
                <element signature="e#1#16#0" expanded="true" />
              </folding>
            </state>
          </provider>
        </entry>
      </file>
      <file leaf-file-name="test_suite.py" pinned="false" current-in-tab="false">
        <entry file="file://$PROJECT_DIR$/tests/test_suite.py">
          <provider selected="true" editor-type-id="text-editor">
            <state relative-caret-position="378">
              <caret line="14" column="0" lean-forward="true" selection-start-line="14" selection-start-column="0" selection-end-line="14" selection-end-column="0" />
              <folding>
                <element signature="e#0#15#0" expanded="true" />
              </folding>
            </state>
          </provider>
        </entry>
      </file>
      <file leaf-file-name="selenium_driver.py" pinned="false" current-in-tab="true">
        <entry file="file://$PROJECT_DIR$/base/selenium_driver.py">
          <provider selected="true" editor-type-id="text-editor">
            <state relative-caret-position="133">
              <caret line="6" column="11" lean-forward="false" selection-start-line="6" selection-start-column="11" selection-end-line="6" selection-end-column="11" />
              <folding />
            </state>
          </provider>
        </entry>
      </file>
      <file leaf-file-name="automation.log" pinned="false" current-in-tab="false">
        <entry file="file://$PROJECT_DIR$/tests/automation.log">
          <provider selected="true" editor-type-id="text-editor">
            <state relative-caret-position="27">
              <caret line="7" column="29" lean-forward="false" selection-start-line="7" selection-start-column="29" selection-end-line="7" selection-end-column="29" />
              <folding />
            </state>
          </provider>
        </entry>
      </file>
    </leaf>
  </component>
  <component name="FileTemplateManagerImpl">
    <option name="RECENT_TEMPLATES">
      <list>
        <option value="Python Script" />
      </list>
    </option>
  </component>
  <component name="IdeDocumentHistory">
    <option name="CHANGED_PATHS">
      <list>
        <option value="$PROJECT_DIR$/tests/automation.log" />
        <option value="$PROJECT_DIR$/utils/custom_logger.py" />
        <option value="$PROJECT_DIR$/base/webdriverfactory.py" />
        <option value="$PROJECT_DIR$/tests/test_Login.py" />
        <option value="$PROJECT_DIR$/tests/test_Login_datadriven.py" />
        <option value="$PROJECT_DIR$/tests/conftest.py" />
        <option value="$PROJECT_DIR$/tesData.csv" />
        <option value="$PROJECT_DIR$/pages/users_page.py" />
        <option value="$PROJECT_DIR$/utils/read_data.py" />
        <option value="$PROJECT_DIR$/tests/test_Login_datadriven_csv.py" />
        <option value="$PROJECT_DIR$/TestData/usersData.csv" />
        <option value="$PROJECT_DIR$/tests/test_suite.py" />
        <option value="$PROJECT_DIR$/pages/login_page.py" />
        <option value="$PROJECT_DIR$/tests/test_users.py" />
        <option value="$PROJECT_DIR$/base/selenium_driver.py" />
      </list>
    </option>
  </component>
  <component name="ProjectFrameBounds" extendedState="6">
    <option name="x" value="-7" />
    <option name="y" value="2" />
    <option name="width" value="1373" />
    <option name="height" value="733" />
  </component>
  <component name="ProjectView">
    <navigator currentView="ProjectPane" proportions="" version="1">
      <flattenPackages />
      <showMembers />
      <showModules />
      <showLibraryContents />
      <hideEmptyPackages />
      <abbreviatePackageNames />
      <autoscrollToSource />
      <autoscrollFromSource />
      <sortByType />
      <manualOrder />
      <foldersAlwaysOnTop value="true" />
    </navigator>
    <panes>
      <pane id="Scope" />
      <pane id="ProjectPane">
        <subPane>
          <expand>
            <path>
              <item name="FrameWork" type="b2602c69:ProjectViewProjectNode" />
              <item name="FrameWork" type="462c0819:PsiDirectoryNode" />
            </path>
            <path>
              <item name="FrameWork" type="b2602c69:ProjectViewProjectNode" />
              <item name="FrameWork" type="462c0819:PsiDirectoryNode" />
              <item name="utils" type="462c0819:PsiDirectoryNode" />
            </path>
          </expand>
          <select />
        </subPane>
      </pane>
      <pane id="Scratches" />
    </panes>
  </component>
  <component name="RecentsManager">
    <key name="CopyFile.RECENT_KEYS">
      <recent name="C:\D-Drive\Training\Mar07Batch\FrameWork\tests" />
      <recent name="C:\D-Drive\Training\Mar07Batch\FrameWork\utils" />
    </key>
  </component>
  <component name="RunDashboard">
    <option name="ruleStates">
      <list>
        <RuleState>
          <option name="name" value="ConfigurationTypeDashboardGroupingRule" />
        </RuleState>
        <RuleState>
          <option name="name" value="StatusDashboardGroupingRule" />
        </RuleState>
      </list>
    </option>
  </component>
  <component name="RunManager" selected="Python tests.py.test in test_users.py">
    <configuration name="py.test for test_Login_datadriven.LoginTests.test_validLogin" type="tests" factoryName="py.test" temporary="true" nameIsGenerated="true">
      <option name="INTERPRETER_OPTIONS" value="" />
      <option name="PARENT_ENVS" value="true" />
      <envs />
      <option name="SDK_HOME" value="" />
      <option name="WORKING_DIRECTORY" value="$PROJECT_DIR$/tests" />
      <option name="IS_MODULE_SDK" value="true" />
      <option name="ADD_CONTENT_ROOTS" value="true" />
      <option name="ADD_SOURCE_ROOTS" value="true" />
      <module name="FrameWork" />
      <option name="_new_keywords" value="&quot;&quot;" />
      <option name="_new_additionalArguments" value="&quot;&quot;" />
      <option name="_new_target" value="&quot;test_Login_datadriven.LoginTests.test_validLogin&quot;" />
      <option name="_new_targetType" value="&quot;PYTHON&quot;" />
    </configuration>
    <configuration name="py.test for test_users.userTests.test_verifyCreateUser" type="tests" factoryName="py.test" temporary="true" nameIsGenerated="true">
      <option name="INTERPRETER_OPTIONS" value="" />
      <option name="PARENT_ENVS" value="true" />
      <envs />
      <option name="SDK_HOME" value="" />
      <option name="WORKING_DIRECTORY" value="$PROJECT_DIR$/tests" />
      <option name="IS_MODULE_SDK" value="true" />
      <option name="ADD_CONTENT_ROOTS" value="true" />
      <option name="ADD_SOURCE_ROOTS" value="true" />
      <module name="FrameWork" />
      <option name="_new_keywords" value="&quot;&quot;" />
      <option name="_new_additionalArguments" value="&quot;&quot;" />
      <option name="_new_target" value="&quot;test_users.userTests.test_verifyCreateUser&quot;" />
      <option name="_new_targetType" value="&quot;PYTHON&quot;" />
    </configuration>
    <configuration name="py.test in test_Login_datadriven_csv.py" type="tests" factoryName="py.test" temporary="true" nameIsGenerated="true">
      <option name="INTERPRETER_OPTIONS" value="" />
      <option name="PARENT_ENVS" value="true" />
      <envs />
      <option name="SDK_HOME" value="" />
      <option name="WORKING_DIRECTORY" value="$PROJECT_DIR$/tests" />
      <option name="IS_MODULE_SDK" value="true" />
      <option name="ADD_CONTENT_ROOTS" value="true" />
      <option name="ADD_SOURCE_ROOTS" value="true" />
      <module name="FrameWork" />
      <option name="_new_keywords" value="&quot;&quot;" />
      <option name="_new_additionalArguments" value="&quot;&quot;" />
      <option name="_new_target" value="&quot;$PROJECT_DIR$/tests/test_Login_datadriven_csv.py&quot;" />
      <option name="_new_targetType" value="&quot;PATH&quot;" />
    </configuration>
    <configuration name="py.test in test_Login_datadriven.py" type="tests" factoryName="py.test" temporary="true" nameIsGenerated="true">
      <option name="INTERPRETER_OPTIONS" value="" />
      <option name="PARENT_ENVS" value="true" />
      <envs />
      <option name="SDK_HOME" value="" />
      <option name="WORKING_DIRECTORY" value="$PROJECT_DIR$/tests" />
      <option name="IS_MODULE_SDK" value="true" />
      <option name="ADD_CONTENT_ROOTS" value="true" />
      <option name="ADD_SOURCE_ROOTS" value="true" />
      <module name="FrameWork" />
      <option name="_new_keywords" value="&quot;&quot;" />
      <option name="_new_additionalArguments" value="&quot;&quot;" />
      <option name="_new_target" value="&quot;$PROJECT_DIR$/tests/test_Login_datadriven.py&quot;" />
      <option name="_new_targetType" value="&quot;PATH&quot;" />
    </configuration>
    <configuration name="py.test in test_users.py" type="tests" factoryName="py.test" temporary="true" nameIsGenerated="true">
      <option name="INTERPRETER_OPTIONS" value="" />
      <option name="PARENT_ENVS" value="true" />
      <envs />
      <option name="SDK_HOME" value="" />
      <option name="WORKING_DIRECTORY" value="$PROJECT_DIR$/tests" />
      <option name="IS_MODULE_SDK" value="true" />
      <option name="ADD_CONTENT_ROOTS" value="true" />
      <option name="ADD_SOURCE_ROOTS" value="true" />
      <module name="FrameWork" />
      <option name="_new_keywords" value="&quot;&quot;" />
      <option name="_new_additionalArguments" value="&quot;&quot;" />
      <option name="_new_target" value="&quot;$PROJECT_DIR$/tests/test_users.py&quot;" />
      <option name="_new_targetType" value="&quot;PATH&quot;" />
    </configuration>
    <list size="5">
      <item index="0" class="java.lang.String" itemvalue="Python tests.py.test for test_Login_datadriven.LoginTests.test_validLogin" />
      <item index="1" class="java.lang.String" itemvalue="Python tests.py.test in test_Login_datadriven.py" />
      <item index="2" class="java.lang.String" itemvalue="Python tests.py.test in test_users.py" />
      <item index="3" class="java.lang.String" itemvalue="Python tests.py.test for test_users.userTests.test_verifyCreateUser" />
      <item index="4" class="java.lang.String" itemvalue="Python tests.py.test in test_Login_datadriven_csv.py" />
    </list>
    <recent_temporary>
      <list size="5">
        <item index="0" class="java.lang.String" itemvalue="Python tests.py.test in test_users.py" />
        <item index="1" class="java.lang.String" itemvalue="Python tests.py.test in test_Login_datadriven_csv.py" />
        <item index="2" class="java.lang.String" itemvalue="Python tests.py.test for test_users.userTests.test_verifyCreateUser" />
        <item index="3" class="java.lang.String" itemvalue="Python tests.py.test in test_Login_datadriven.py" />
        <item index="4" class="java.lang.String" itemvalue="Python tests.py.test for test_Login_datadriven.LoginTests.test_validLogin" />
      </list>
    </recent_temporary>
  </component>
  <component name="ShelveChangesManager" show_recycled="false">
    <option name="remove_strategy" value="false" />
  </component>
  <component name="SvnConfiguration">
    <configuration />
  </component>
  <component name="TaskManager">
    <task active="true" id="Default" summary="Default task">
      <changelist id="265f18be-ba2b-4fde-9335-e6f005ec1e53" name="Default" comment="" />
      <created>1557715303007</created>
      <option name="number" value="Default" />
      <option name="presentableId" value="Default" />
      <updated>1557715303007</updated>
    </task>
    <servers />
  </component>
  <component name="TestHistory">
    <history-entry file="py_test_in_test_Login_datadriven_csv_py - 2019.05.22 at 08h 50m 22s.xml">
      <configuration name="py.test in test_Login_datadriven_csv.py" configurationId="tests" />
    </history-entry>
    <history-entry file="py_test_in_test_Login_datadriven_csv_py - 2019.05.22 at 08h 51m 05s.xml">
      <configuration name="py.test in test_Login_datadriven_csv.py" configurationId="tests" />
    </history-entry>
    <history-entry file="py_test_in_test_users_py - 2019.05.22 at 08h 42m 34s.xml">
      <configuration name="py.test in test_users.py" configurationId="tests" />
    </history-entry>
    <history-entry file="py_test_in_test_users_py - 2019.05.22 at 08h 45m 31s.xml">
      <configuration name="py.test in test_users.py" configurationId="tests" />
    </history-entry>
    <history-entry file="py_test_in_test_users_py - 2019.05.22 at 08h 47m 09s.xml">
      <configuration name="py.test in test_users.py" configurationId="tests" />
    </history-entry>
    <history-entry file="py_test_in_test_users_py - 2019.05.22 at 08h 47m 47s.xml">
      <configuration name="py.test in test_users.py" configurationId="tests" />
    </history-entry>
    <history-entry file="py_test_in_test_users_py - 2019.05.22 at 08h 51m 29s.xml">
      <configuration name="py.test in test_users.py" configurationId="tests" />
    </history-entry>
    <history-entry file="py_test_in_test_users_py - 2019.05.22 at 08h 52m 23s.xml">
      <configuration name="py.test in test_users.py" configurationId="tests" />
    </history-entry>
    <history-entry file="py_test_in_test_users_py - 2019.05.22 at 08h 54m 25s.xml">
      <configuration name="py.test in test_users.py" configurationId="tests" />
    </history-entry>
    <history-entry file="py_test_in_test_users_py - 2019.05.22 at 08h 56m 01s.xml">
      <configuration name="py.test in test_users.py" configurationId="tests" />
    </history-entry>
  </component>
  <component name="ToolWindowManager">
    <frame x="-8" y="-8" width="1382" height="744" extended-state="6" />
    <editor active="true" />
    <layout>
      <window_info id="Project" active="false" anchor="left" auto_hide="false" internal_type="DOCKED" type="DOCKED" visible="true" show_stripe_button="true" weight="0.24851191" sideWeight="0.5" order="0" side_tool="false" content_ui="combo" />
      <window_info id="TODO" active="false" anchor="bottom" auto_hide="false" internal_type="DOCKED" type="DOCKED" visible="false" show_stripe_button="true" weight="0.33" sideWeight="0.5" order="7" side_tool="false" content_ui="tabs" />
      <window_info id="Event Log" active="false" anchor="bottom" auto_hide="false" internal_type="DOCKED" type="DOCKED" visible="false" show_stripe_button="true" weight="0.33" sideWeight="0.5" order="8" side_tool="true" content_ui="tabs" />
      <window_info id="Run" active="false" anchor="bottom" auto_hide="false" internal_type="DOCKED" type="DOCKED" visible="false" show_stripe_button="true" weight="0.58064514" sideWeight="0.5" order="2" side_tool="false" content_ui="tabs" />
      <window_info id="Version Control" active="false" anchor="bottom" auto_hide="false" internal_type="DOCKED" type="DOCKED" visible="false" show_stripe_button="false" weight="0.33" sideWeight="0.5" order="10" side_tool="false" content_ui="tabs" />
      <window_info id="Python Console" active="false" anchor="bottom" auto_hide="false" internal_type="DOCKED" type="DOCKED" visible="false" show_stripe_button="true" weight="0.49405771" sideWeight="0.5" order="9" side_tool="false" content_ui="tabs" />
      <window_info id="Structure" active="false" anchor="left" auto_hide="false" internal_type="DOCKED" type="DOCKED" visible="false" show_stripe_button="true" weight="0.25" sideWeight="0.5" order="1" side_tool="false" content_ui="tabs" />
      <window_info id="Terminal" active="false" anchor="bottom" auto_hide="false" internal_type="DOCKED" type="DOCKED" visible="false" show_stripe_button="true" weight="0.53989816" sideWeight="0.5" order="3" side_tool="false" content_ui="tabs" />
      <window_info id="Debug" active="false" anchor="bottom" auto_hide="false" internal_type="DOCKED" type="DOCKED" visible="false" show_stripe_button="true" weight="0.50254667" sideWeight="0.5" order="4" side_tool="false" content_ui="tabs" />
      <window_info id="Favorites" active="false" anchor="left" auto_hide="false" internal_type="DOCKED" type="DOCKED" visible="false" show_stripe_button="true" weight="0.33" sideWeight="0.5" order="2" side_tool="true" content_ui="tabs" />
      <window_info id="Cvs" active="false" anchor="bottom" auto_hide="false" internal_type="DOCKED" type="DOCKED" visible="false" show_stripe_button="true" weight="0.25" sideWeight="0.5" order="5" side_tool="false" content_ui="tabs" />
      <window_info id="Message" active="false" anchor="bottom" auto_hide="false" internal_type="DOCKED" type="DOCKED" visible="false" show_stripe_button="true" weight="0.33" sideWeight="0.5" order="0" side_tool="false" content_ui="tabs" />
      <window_info id="Commander" active="false" anchor="right" auto_hide="false" internal_type="DOCKED" type="DOCKED" visible="false" show_stripe_button="true" weight="0.4" sideWeight="0.5" order="0" side_tool="false" content_ui="tabs" />
      <window_info id="Inspection" active="false" anchor="bottom" auto_hide="false" internal_type="DOCKED" type="DOCKED" visible="false" show_stripe_button="true" weight="0.4" sideWeight="0.5" order="6" side_tool="false" content_ui="tabs" />
      <window_info id="Hierarchy" active="false" anchor="right" auto_hide="false" internal_type="DOCKED" type="DOCKED" visible="false" show_stripe_button="true" weight="0.25" sideWeight="0.5" order="2" side_tool="false" content_ui="combo" />
      <window_info id="Find" active="false" anchor="bottom" auto_hide="false" internal_type="DOCKED" type="DOCKED" visible="false" show_stripe_button="true" weight="0.33" sideWeight="0.5" order="1" side_tool="false" content_ui="tabs" />
      <window_info id="Ant Build" active="false" anchor="right" auto_hide="false" internal_type="DOCKED" type="DOCKED" visible="false" show_stripe_button="true" weight="0.25" sideWeight="0.5" order="1" side_tool="false" content_ui="tabs" />
    </layout>
    <layout-to-restore>
      <window_info id="TODO" active="false" anchor="bottom" auto_hide="false" internal_type="DOCKED" type="DOCKED" visible="false" show_stripe_button="true" weight="0.33" sideWeight="0.5" order="7" side_tool="false" content_ui="tabs" />
      <window_info id="Cvs" active="false" anchor="bottom" auto_hide="false" internal_type="DOCKED" type="DOCKED" visible="false" show_stripe_button="true" weight="0.25" sideWeight="0.5" order="5" side_tool="false" content_ui="tabs" />
      <window_info id="Message" active="false" anchor="bottom" auto_hide="false" internal_type="DOCKED" type="DOCKED" visible="false" show_stripe_button="true" weight="0.33" sideWeight="0.5" order="0" side_tool="false" content_ui="tabs" />
      <window_info id="Commander" active="false" anchor="right" auto_hide="false" internal_type="DOCKED" type="DOCKED" visible="false" show_stripe_button="true" weight="0.4" sideWeight="0.5" order="0" side_tool="false" content_ui="tabs" />
      <window_info id="Event Log" active="false" anchor="bottom" auto_hide="false" internal_type="DOCKED" type="DOCKED" visible="false" show_stripe_button="true" weight="0.33" sideWeight="0.5" order="8" side_tool="true" content_ui="tabs" />
      <window_info id="Inspection" active="false" anchor="bottom" auto_hide="false" internal_type="DOCKED" type="DOCKED" visible="false" show_stripe_button="true" weight="0.4" sideWeight="0.5" order="6" side_tool="false" content_ui="tabs" />
      <window_info id="Run" active="false" anchor="bottom" auto_hide="false" internal_type="DOCKED" type="DOCKED" visible="false" show_stripe_button="true" weight="0.58064514" sideWeight="0.5" order="2" side_tool="false" content_ui="tabs" />
      <window_info id="Version Control" active="false" anchor="bottom" auto_hide="false" internal_type="DOCKED" type="DOCKED" visible="false" show_stripe_button="false" weight="0.33" sideWeight="0.5" order="10" side_tool="false" content_ui="tabs" />
      <window_info id="Python Console" active="false" anchor="bottom" auto_hide="false" internal_type="DOCKED" type="DOCKED" visible="false" show_stripe_button="true" weight="0.49405771" sideWeight="0.5" order="9" side_tool="false" content_ui="tabs" />
      <window_info id="Terminal" active="false" anchor="bottom" auto_hide="false" internal_type="DOCKED" type="DOCKED" visible="false" show_stripe_button="true" weight="0.21222411" sideWeight="0.5" order="3" side_tool="false" content_ui="tabs" />
      <window_info id="Project" active="false" anchor="left" auto_hide="false" internal_type="DOCKED" type="DOCKED" visible="true" show_stripe_button="true" weight="0.24851191" sideWeight="0.5" order="0" side_tool="false" content_ui="combo" />
      <window_info id="Hierarchy" active="false" anchor="right" auto_hide="false" internal_type="DOCKED" type="DOCKED" visible="false" show_stripe_button="true" weight="0.25" sideWeight="0.5" order="2" side_tool="false" content_ui="combo" />
      <window_info id="Find" active="false" anchor="bottom" auto_hide="false" internal_type="DOCKED" type="DOCKED" visible="false" show_stripe_button="true" weight="0.33" sideWeight="0.5" order="1" side_tool="false" content_ui="tabs" />
      <window_info id="Structure" active="false" anchor="left" auto_hide="false" internal_type="DOCKED" type="DOCKED" visible="false" show_stripe_button="true" weight="0.25" sideWeight="0.5" order="1" side_tool="false" content_ui="tabs" />
      <window_info id="Ant Build" active="false" anchor="right" auto_hide="false" internal_type="DOCKED" type="DOCKED" visible="false" show_stripe_button="true" weight="0.25" sideWeight="0.5" order="1" side_tool="false" content_ui="tabs" />
      <window_info id="Debug" active="false" anchor="bottom" auto_hide="false" internal_type="DOCKED" type="DOCKED" visible="false" show_stripe_button="true" weight="0.50254667" sideWeight="0.5" order="4" side_tool="false" content_ui="tabs" />
      <window_info id="Favorites" active="false" anchor="left" auto_hide="false" internal_type="DOCKED" type="DOCKED" visible="false" show_stripe_button="true" weight="0.33" sideWeight="0.5" order="2" side_tool="true" content_ui="tabs" />
    </layout-to-restore>
  </component>
  <component name="VcsContentAnnotationSettings">
    <option name="myLimit" value="2678400000" />
  </component>
  <component name="XDebuggerManager">
    <breakpoint-manager>
      <breakpoints>
        <line-breakpoint enabled="true" suspend="THREAD" type="python-line">
          <url>file://$PROJECT_DIR$/tests/conftest.py</url>
          <line>11</line>
          <option name="timeStamp" value="7" />
        </line-breakpoint>
        <line-breakpoint enabled="true" suspend="THREAD" type="python-line">
          <url>file://$PROJECT_DIR$/base/selenium_driver.py</url>
          <line>65</line>
          <option name="timeStamp" value="10" />
        </line-breakpoint>
        <line-breakpoint enabled="true" suspend="THREAD" type="python-line">
          <url>file://$PROJECT_DIR$/tests/test_users.py</url>
          <line>19</line>
          <option name="timeStamp" value="11" />
        </line-breakpoint>
        <line-breakpoint enabled="true" suspend="THREAD" type="python-line">
          <url>file://$PROJECT_DIR$/utils/read_data.py</url>
          <line>4</line>
          <option name="timeStamp" value="12" />
        </line-breakpoint>
      </breakpoints>
      <option name="time" value="14" />
    </breakpoint-manager>
    <watches-manager />
  </component>
  <component name="editorHistoryManager">
    <entry file="file://$PROJECT_DIR$/tests/test_Login.py">
      <provider selected="true" editor-type-id="text-editor">
        <state relative-caret-position="81">
          <caret line="8" column="16" lean-forward="false" selection-start-line="8" selection-start-column="6" selection-end-line="8" selection-end-column="16" />
          <folding>
            <element signature="e#0#30#0" expanded="true" />
          </folding>
        </state>
      </provider>
    </entry>
    <entry file="file://$PROJECT_DIR$/tests/conftest.py">
      <provider selected="true" editor-type-id="text-editor">
        <state relative-caret-position="81">
          <caret line="5" column="11" lean-forward="true" selection-start-line="5" selection-start-column="11" selection-end-line="5" selection-end-column="11" />
          <folding>
            <element signature="e#0#13#0" expanded="true" />
          </folding>
        </state>
      </provider>
    </entry>
    <entry file="file://$PROJECT_DIR$/pages/login_page.py">
      <provider selected="true" editor-type-id="text-editor">
        <state relative-caret-position="162">
          <caret line="6" column="28" lean-forward="false" selection-start-line="6" selection-start-column="22" selection-end-line="6" selection-end-column="28" />
          <folding>
            <element signature="e#0#43#0" expanded="true" />
          </folding>
        </state>
      </provider>
    </entry>
    <entry file="file://$PROJECT_DIR$/pages/users_page.py">
      <provider selected="true" editor-type-id="text-editor">
        <state relative-caret-position="405">
          <caret line="15" column="35" lean-forward="false" selection-start-line="8" selection-start-column="4" selection-end-line="15" selection-end-column="35" />
          <folding />
        </state>
      </provider>
    </entry>
    <entry file="file://$PROJECT_DIR$/base/selenium_driver.py">
      <provider selected="true" editor-type-id="text-editor">
        <state relative-caret-position="0">
          <caret line="0" column="0" lean-forward="true" selection-start-line="0" selection-start-column="0" selection-end-line="0" selection-end-column="0" />
          <folding />
        </state>
      </provider>
    </entry>
    <entry file="file://$PROJECT_DIR$/utils/custom_logger.py">
      <provider selected="true" editor-type-id="text-editor">
        <state relative-caret-position="135">
          <caret line="6" column="11" lean-forward="false" selection-start-line="6" selection-start-column="11" selection-end-line="6" selection-end-column="11" />
        </state>
      </provider>
    </entry>
    <entry file="file://$PROJECT_DIR$/base/webdriverfactory.py">
      <provider selected="true" editor-type-id="text-editor">
        <state relative-caret-position="270">
          <caret line="10" column="10" lean-forward="true" selection-start-line="10" selection-start-column="10" selection-end-line="10" selection-end-column="10" />
        </state>
      </provider>
    </entry>
    <entry file="file://$PROJECT_DIR$/tests/test_Login.py">
      <provider selected="true" editor-type-id="text-editor">
        <state relative-caret-position="0">
          <caret line="0" column="0" lean-forward="false" selection-start-line="0" selection-start-column="0" selection-end-line="0" selection-end-column="0" />
          <folding>
            <element signature="e#0#30#0" expanded="true" />
          </folding>
        </state>
      </provider>
    </entry>
    <entry file="file://$PROJECT_DIR$/pages/login_page.py">
      <provider selected="true" editor-type-id="text-editor">
        <state relative-caret-position="1107">
          <caret line="41" column="24" lean-forward="false" selection-start-line="41" selection-start-column="24" selection-end-line="41" selection-end-column="24" />
          <folding>
            <element signature="e#0#43#0" expanded="true" />
          </folding>
        </state>
      </provider>
    </entry>
    <entry file="file://$PROJECT_DIR$/pages/users_page.py">
      <provider selected="true" editor-type-id="text-editor">
        <state relative-caret-position="405">
          <caret line="15" column="35" lean-forward="false" selection-start-line="8" selection-start-column="4" selection-end-line="15" selection-end-column="35" />
          <folding />
        </state>
      </provider>
    </entry>
    <entry file="file://$PROJECT_DIR$/base/selenium_driver.py">
      <provider selected="true" editor-type-id="text-editor">
        <state relative-caret-position="2916">
          <caret line="113" column="22" lean-forward="false" selection-start-line="113" selection-start-column="22" selection-end-line="113" selection-end-column="22" />
          <folding />
        </state>
      </provider>
    </entry>
    <entry file="file://$PROJECT_DIR$/utils/custom_logger.py">
      <provider selected="true" editor-type-id="text-editor">
        <state relative-caret-position="270">
          <caret line="11" column="17" lean-forward="true" selection-start-line="11" selection-start-column="17" selection-end-line="11" selection-end-column="17" />
        </state>
      </provider>
    </entry>
    <entry file="file://$PROJECT_DIR$/tests/test_Login.py">
      <provider selected="true" editor-type-id="text-editor">
        <state relative-caret-position="378">
          <caret line="14" column="16" lean-forward="true" selection-start-line="14" selection-start-column="16" selection-end-line="14" selection-end-column="16" />
          <folding>
            <element signature="e#0#30#0" expanded="true" />
          </folding>
        </state>
      </provider>
    </entry>
    <entry file="file://$PROJECT_DIR$/pages/login_page.py">
      <provider selected="true" editor-type-id="text-editor">
        <state relative-caret-position="810">
          <caret line="30" column="0" lean-forward="true" selection-start-line="30" selection-start-column="0" selection-end-line="30" selection-end-column="0" />
          <folding>
            <element signature="e#0#43#0" expanded="true" />
          </folding>
        </state>
      </provider>
    </entry>
    <entry file="file://$PROJECT_DIR$/pages/users_page.py">
      <provider selected="true" editor-type-id="text-editor">
        <state relative-caret-position="405">
          <caret line="15" column="35" lean-forward="true" selection-start-line="8" selection-start-column="4" selection-end-line="15" selection-end-column="35" />
          <folding />
        </state>
      </provider>
    </entry>
    <entry file="file://$PROJECT_DIR$/base/selenium_driver.py">
      <provider selected="true" editor-type-id="text-editor">
        <state relative-caret-position="1377">
          <caret line="55" column="19" lean-forward="true" selection-start-line="55" selection-start-column="19" selection-end-line="55" selection-end-column="19" />
          <folding />
        </state>
      </provider>
    </entry>
    <entry file="file://$PROJECT_DIR$/tests/test_Login.py">
      <provider selected="true" editor-type-id="text-editor">
        <state relative-caret-position="0">
          <caret line="0" column="0" lean-forward="false" selection-start-line="0" selection-start-column="0" selection-end-line="0" selection-end-column="0" />
          <folding>
            <element signature="e#0#30#0" expanded="true" />
          </folding>
        </state>
      </provider>
    </entry>
    <entry file="file://$PROJECT_DIR$/pages/login_page.py">
      <provider selected="true" editor-type-id="text-editor">
        <state relative-caret-position="702">
          <caret line="26" column="0" lean-forward="false" selection-start-line="26" selection-start-column="0" selection-end-line="26" selection-end-column="0" />
          <folding>
            <element signature="e#0#43#0" expanded="true" />
          </folding>
        </state>
      </provider>
    </entry>
    <entry file="file://$PROJECT_DIR$/base/selenium_driver.py">
      <provider selected="true" editor-type-id="text-editor">
        <state relative-caret-position="1377">
          <caret line="55" column="0" lean-forward="false" selection-start-line="55" selection-start-column="0" selection-end-line="55" selection-end-column="0" />
          <folding />
        </state>
      </provider>
    </entry>
    <entry file="file://$PROJECT_DIR$/tests/test_Login.py">
      <provider selected="true" editor-type-id="text-editor">
        <state relative-caret-position="351">
          <caret line="13" column="27" lean-forward="false" selection-start-line="13" selection-start-column="27" selection-end-line="13" selection-end-column="27" />
          <folding>
            <element signature="e#0#30#0" expanded="true" />
          </folding>
        </state>
      </provider>
    </entry>
    <entry file="file://$PROJECT_DIR$/pages/login_page.py">
      <provider selected="true" editor-type-id="text-editor">
        <state relative-caret-position="459">
          <caret line="18" column="0" lean-forward="true" selection-start-line="18" selection-start-column="0" selection-end-line="18" selection-end-column="0" />
          <folding>
            <element signature="e#0#43#0" expanded="true" />
          </folding>
        </state>
      </provider>
    </entry>
    <entry file="file://C:/Python36/Lib/site-packages/_pytest/unittest.py">
      <provider selected="true" editor-type-id="text-editor">
        <state relative-caret-position="111">
          <caret line="220" column="0" lean-forward="false" selection-start-line="220" selection-start-column="0" selection-end-line="220" selection-end-column="0" />
        </state>
      </provider>
    </entry>
    <entry file="file://$PROJECT_DIR$/screenshots/failToFindElement_1558150766638.png" />
    <entry file="file://$PROJECT_DIR$/screenshots/elementNotFound_1558150899833.png" />
    <entry file="file://$PROJECT_DIR$/screenshots/failToFindElement_1558151076580.png" />
    <entry file="file://$PROJECT_DIR$/screenshots/failToFindElement_1558151445323.png">
      <provider selected="true" editor-type-id="images">
        <state />
      </provider>
    </entry>
    <entry file="file://$PROJECT_DIR$/utils/custom_logger.py">
      <provider selected="true" editor-type-id="text-editor">
        <state relative-caret-position="162">
          <caret line="6" column="11" lean-forward="false" selection-start-line="6" selection-start-column="11" selection-end-line="6" selection-end-column="11" />
        </state>
      </provider>
    </entry>
    <entry file="file://C:/Python36/Lib/site-packages/pluggy/manager.py">
      <provider selected="true" editor-type-id="text-editor">
        <state relative-caret-position="73">
          <caret line="67" column="0" lean-forward="false" selection-start-line="67" selection-start-column="0" selection-end-line="67" selection-end-column="0" />
        </state>
      </provider>
    </entry>
    <entry file="file://C:/Python36/Lib/site-packages/pluggy/hooks.py">
      <provider selected="true" editor-type-id="text-editor">
        <state relative-caret-position="81">
          <caret line="288" column="0" lean-forward="false" selection-start-line="288" selection-start-column="0" selection-end-line="288" selection-end-column="0" />
        </state>
      </provider>
    </entry>
    <entry file="file://C:/Python36/Lib/site-packages/_pytest/runner.py">
      <provider selected="true" editor-type-id="text-editor">
        <state relative-caret-position="154">
          <caret line="228" column="0" lean-forward="false" selection-start-line="228" selection-start-column="0" selection-end-line="228" selection-end-column="0" />
        </state>
      </provider>
    </entry>
    <entry file="file://C:/Python36/Lib/site-packages/_pytest/fixtures.py">
      <provider selected="true" editor-type-id="text-editor">
        <state relative-caret-position="127">
          <caret line="869" column="0" lean-forward="false" selection-start-line="869" selection-start-column="0" selection-end-line="869" selection-end-column="0" />
          <folding />
        </state>
      </provider>
    </entry>
    <entry file="file://C:/Python36/Lib/site-packages/pluggy/callers.py">
      <provider selected="true" editor-type-id="text-editor">
        <state relative-caret-position="73">
          <caret line="207" column="0" lean-forward="false" selection-start-line="207" selection-start-column="0" selection-end-line="207" selection-end-column="0" />
        </state>
      </provider>
    </entry>
    <entry file="file://$PROJECT_DIR$/screenshots/failToFindElement_1558408469480.png">
      <provider selected="true" editor-type-id="images">
        <state />
      </provider>
    </entry>
    <entry file="file://$PROJECT_DIR$/screenshots/elementNotFound_1558151568158.png">
      <provider selected="true" editor-type-id="images">
        <state />
      </provider>
    </entry>
    <entry file="file://C:/Python36/Lib/unittest/case.py">
      <provider selected="true" editor-type-id="text-editor">
        <state relative-caret-position="81">
          <caret line="604" column="0" lean-forward="false" selection-start-line="604" selection-start-column="0" selection-end-line="604" selection-end-column="0" />
          <folding />
        </state>
      </provider>
    </entry>
    <entry file="file://$PROJECT_DIR$/testData.csv">
      <provider selected="true" editor-type-id="text-editor">
        <state relative-caret-position="0">
          <caret line="0" column="4" lean-forward="true" selection-start-line="0" selection-start-column="4" selection-end-line="0" selection-end-column="4" />
          <folding />
        </state>
      </provider>
    </entry>
    <entry file="file://C:/Python36/Lib/site-packages/_pytest/assertion/rewrite.py">
      <provider selected="true" editor-type-id="text-editor">
        <state relative-caret-position="80">
          <caret line="303" column="0" lean-forward="false" selection-start-line="303" selection-start-column="0" selection-end-line="303" selection-end-column="0" />
          <folding />
        </state>
      </provider>
    </entry>
    <entry file="file://$PROJECT_DIR$/tests/results.html">
      <provider selected="true" editor-type-id="text-editor">
        <state relative-caret-position="0">
          <caret line="0" column="0" lean-forward="false" selection-start-line="0" selection-start-column="0" selection-end-line="0" selection-end-column="0" />
          <folding />
        </state>
      </provider>
    </entry>
    <entry file="file://$PROJECT_DIR$/tests/test_Login.py">
      <provider selected="true" editor-type-id="text-editor">
        <state relative-caret-position="241">
          <caret line="20" column="0" lean-forward="false" selection-start-line="20" selection-start-column="0" selection-end-line="20" selection-end-column="0" />
          <folding>
            <element signature="e#0#30#0" expanded="true" />
          </folding>
        </state>
      </provider>
    </entry>
    <entry file="file://$PROJECT_DIR$/utils/read_data.py">
      <provider selected="true" editor-type-id="text-editor">
        <state relative-caret-position="376">
          <caret line="15" column="0" lean-forward="false" selection-start-line="15" selection-start-column="0" selection-end-line="15" selection-end-column="0" />
          <folding />
        </state>
      </provider>
    </entry>
    <entry file="file://$PROJECT_DIR$/tests/test_Login_datadriven.py">
      <provider selected="true" editor-type-id="text-editor">
        <state relative-caret-position="351">
          <caret line="19" column="23" lean-forward="false" selection-start-line="19" selection-start-column="8" selection-end-line="19" selection-end-column="23" />
          <folding />
        </state>
      </provider>
    </entry>
    <entry file="file://$PROJECT_DIR$/tests/conftest.py">
      <provider selected="true" editor-type-id="text-editor">
        <state relative-caret-position="216">
          <caret line="8" column="33" lean-forward="true" selection-start-line="8" selection-start-column="33" selection-end-line="8" selection-end-column="33" />
          <folding>
            <element signature="e#0#13#0" expanded="true" />
          </folding>
        </state>
      </provider>
    </entry>
    <entry file="file://$PROJECT_DIR$/tests/test_Login_datadriven_csv.py">
      <provider selected="true" editor-type-id="text-editor">
        <state relative-caret-position="188">
          <caret line="13" column="24" lean-forward="true" selection-start-line="13" selection-start-column="24" selection-end-line="13" selection-end-column="24" />
          <folding>
            <element signature="e#1#16#0" expanded="true" />
          </folding>
        </state>
      </provider>
    </entry>
    <entry file="file://$PROJECT_DIR$/tests/test_suite.py">
      <provider selected="true" editor-type-id="text-editor">
        <state relative-caret-position="378">
          <caret line="14" column="0" lean-forward="true" selection-start-line="14" selection-start-column="0" selection-end-line="14" selection-end-column="0" />
          <folding>
            <element signature="e#0#15#0" expanded="true" />
          </folding>
        </state>
      </provider>
    </entry>
    <entry file="file://$PROJECT_DIR$/pages/login_page.py">
      <provider selected="true" editor-type-id="text-editor">
        <state relative-caret-position="81">
          <caret line="26" column="18" lean-forward="false" selection-start-line="26" selection-start-column="8" selection-end-line="26" selection-end-column="18" />
          <folding>
            <element signature="e#0#43#0" expanded="true" />
          </folding>
        </state>
      </provider>
    </entry>
    <entry file="file://$PROJECT_DIR$/TestData/usersData.csv">
      <provider selected="true" editor-type-id="text-editor">
        <state relative-caret-position="27">
          <caret line="1" column="41" lean-forward="false" selection-start-line="1" selection-start-column="41" selection-end-line="1" selection-end-column="41" />
          <folding />
        </state>
      </provider>
    </entry>
    <entry file="file://$PROJECT_DIR$/base/webdriverfactory.py">
      <provider selected="true" editor-type-id="text-editor">
        <state relative-caret-position="484">
          <caret line="20" column="21" lean-forward="true" selection-start-line="20" selection-start-column="21" selection-end-line="20" selection-end-column="21" />
          <folding />
        </state>
      </provider>
    </entry>
    <entry file="file://$PROJECT_DIR$/pages/users_page.py">
      <provider selected="true" editor-type-id="text-editor">
        <state relative-caret-position="376">
          <caret line="35" column="24" lean-forward="true" selection-start-line="35" selection-start-column="24" selection-end-line="35" selection-end-column="24" />
          <folding />
        </state>
      </provider>
    </entry>
    <entry file="file://$PROJECT_DIR$/tests/automation.log">
      <provider selected="true" editor-type-id="text-editor">
        <state relative-caret-position="27">
          <caret line="7" column="29" lean-forward="false" selection-start-line="7" selection-start-column="29" selection-end-line="7" selection-end-column="29" />
          <folding />
        </state>
      </provider>
    </entry>
    <entry file="file://$PROJECT_DIR$/tests/test_users.py">
      <provider selected="true" editor-type-id="text-editor">
        <state relative-caret-position="131">
          <caret line="10" column="0" lean-forward="true" selection-start-line="10" selection-start-column="0" selection-end-line="10" selection-end-column="0" />
          <folding>
            <element signature="e#0#13#0" expanded="true" />
          </folding>
        </state>
      </provider>
    </entry>
    <entry file="file://$PROJECT_DIR$/base/selenium_driver.py">
      <provider selected="true" editor-type-id="text-editor">
        <state relative-caret-position="133">
          <caret line="6" column="11" lean-forward="false" selection-start-line="6" selection-start-column="11" selection-end-line="6" selection-end-column="11" />
          <folding />
        </state>
      </provider>
    </entry>
  </component>
</project>